CellType,Category,mean,sd,n
B cells memory,ENE,9.608326289771683e-4,0.0019300732137738311,6
B cells memory,IMM,0.0013091294749060175,0.002618258949812035,4
B cells memory,RBC,0.005250056055438265,0.012531847492947184,6
B cells memory,SOL,0.00287834960311288,0.00643618537556994,5
B cells memory,STR,0,NA,1
B cells memory,Unaffected,5.318866822242015e-4,8.06940025832794e-4,7
B cells naive,ENE,0.06629395090798856,0.028576569765163266,6
B cells naive,IMM,0.04473131227543655,0.016232280657387743,4
B cells naive,RBC,0.07329865491621973,0.04462472766960316,6
B cells naive,SOL,0.05254849310212712,0.03021993359678857,5
B cells naive,STR,0.0364147813861113,NA,1
B cells naive,Unaffected,0.03896894868290184,0.027804251353968922,7
Dendritic cells activated,ENE,2.6060765518805165e-4,5.107027415189066e-4,6
Dendritic cells activated,IMM,0.0011398603238030075,8.79467237582617e-4,4
Dendritic cells activated,RBC,6.562620187519983e-4,7.322855410067951e-4,6
Dendritic cells activated,SOL,0.00190888848585018,0.002546698299684765,5
Dendritic cells activated,STR,0.00349022523912454,NA,1
Dendritic cells activated,Unaffected,7.421766116161856e-5,1.9636147432249988e-4,7
Dendritic cells resting,ENE,0,0,6
Dendritic cells resting,IMM,0,0,4
Dendritic cells resting,RBC,0,0,6
Dendritic cells resting,SOL,0,0,5
Dendritic cells resting,STR,0,NA,1
Dendritic cells resting,Unaffected,0,0,7
Eosinophils,ENE,0,0,6
Eosinophils,IMM,0,0,4
Eosinophils,RBC,0,0,6
Eosinophils,SOL,0,0,5
Eosinophils,STR,0,NA,1
Eosinophils,Unaffected,0,0,7
Macrophages M0,ENE,0.011718215858106751,0.015523167246485475,6
Macrophages M0,IMM,0.004680759990427229,0.005019686178087081,4
Macrophages M0,RBC,0.003798938361759132,0.005557900050414977,6
Macrophages M0,SOL,0.006339757777222073,0.007677585924858263,5
Macrophages M0,STR,0,NA,1
Macrophages M0,Unaffected,0.006695116201770854,0.011853710447952668,7
Macrophages M1,ENE,0,0,6
Macrophages M1,IMM,0,0,4
Macrophages M1,RBC,0,0,6
Macrophages M1,SOL,0,0,5
Macrophages M1,STR,0,NA,1
Macrophages M1,Unaffected,0,0,7
Macrophages M2,ENE,0,0,6
Macrophages M2,IMM,0,0,4
Macrophages M2,RBC,1.1315493969153e-4,2.7717186411965186e-4,6
Macrophages M2,SOL,0,0,5
Macrophages M2,STR,0,NA,1
Macrophages M2,Unaffected,0,0,7
Mast cells activated,ENE,0,0,6
Mast cells activated,IMM,0,0,4
Mast cells activated,RBC,0,0,6
Mast cells activated,SOL,0,0,5
Mast cells activated,STR,0,NA,1
Mast cells activated,Unaffected,0,0,7
Mast cells resting,ENE,0.012488999347042447,0.005756437461090512,6
Mast cells resting,IMM,0.014865695398950598,0.006667389324132064,4
Mast cells resting,RBC,0.016471837917679494,0.0048853417028905674,6
Mast cells resting,SOL,0.012798901161386097,0.004670244308109262,5
Mast cells resting,STR,0.0076611913306388,NA,1
Mast cells resting,Unaffected,0.017909547587517973,0.007816950445193994,7
Monocytes,ENE,0.171531662665855,0.028701290268794536,6
Monocytes,IMM,0.17168034271026575,0.04275906175473792,4
Monocytes,RBC,0.18461378041909832,0.02352855545263891,6
Monocytes,SOL,0.1762505755519102,0.03085972040552795,5
Monocytes,STR,0.178966157036742,NA,1
Monocytes,Unaffected,0.20462863986270285,0.03130157116390851,7
NK cells activated,ENE,0,0,6
NK cells activated,IMM,0,0,4
NK cells activated,RBC,0,0,6
NK cells activated,SOL,0,0,5
NK cells activated,STR,0,NA,1
NK cells activated,Unaffected,0,0,7
NK cells resting,ENE,0.1044163835263052,0.03165252154002879,6
NK cells resting,IMM,0.10694171762472952,0.02872549573806908,4
NK cells resting,RBC,0.09373636515881856,0.010255765471839646,6
NK cells resting,SOL,0.09531788856252922,0.006020834027723868,5
NK cells resting,STR,0.0983843786514438,NA,1
NK cells resting,Unaffected,0.1175038493030825,0.037271978331226675,7
Neutrophils,ENE,0.3375046295583435,0.09255513143400382,6
Neutrophils,IMM,0.3265700683963463,0.08859704655792447,4
Neutrophils,RBC,0.29639906745439265,0.08736411919603453,6
Neutrophils,SOL,0.3470830380740514,0.024596255108959596,5
Neutrophils,STR,0.449785190802498,NA,1
Neutrophils,Unaffected,0.3318224195684733,0.12191674879218767,7
Plasma cells,ENE,0.0015282136871852816,0.0013925968184204322,6
Plasma cells,IMM,0.0017865467575191724,0.002287763678965435,4
Plasma cells,RBC,9.7022416819135e-5,2.3765541481850526e-4,6
Plasma cells,SOL,0.003626542268299728,0.0029154946225262864,5
Plasma cells,STR,0.0027671242310872,NA,1
Plasma cells,Unaffected,0.003051093820557154,0.0046038521272650425,7
T cells CD4 memory activated,ENE,9.538425744330099e-4,0.0014912709520589354,6
T cells CD4 memory activated,IMM,0.0017530351291386126,0.0020321279607944066,4
T cells CD4 memory activated,RBC,0.001292905761112715,0.0030869674675638647,6
T cells CD4 memory activated,SOL,0.001965886970825884,0.0027042636463386186,5
T cells CD4 memory activated,STR,0,NA,1
T cells CD4 memory activated,Unaffected,1.7749048023331143e-4,4.695956707787675e-4,7
T cells CD4 memory resting,ENE,0.145981104040145,0.04707571518274393,6
T cells CD4 memory resting,IMM,0.1375211194266415,0.029216597698940423,4
T cells CD4 memory resting,RBC,0.14763406773760684,0.02255305535771321,6
T cells CD4 memory resting,SOL,0.1487230081363258,0.03484701187579925,5
T cells CD4 memory resting,STR,0.117247591251529,NA,1
T cells CD4 memory resting,Unaffected,0.13279755798582818,0.05341574177566189,7
T cells CD4 naive,ENE,0.11462743832343572,0.027124434075676655,6
T cells CD4 naive,IMM,0.1345092659491665,0.041513443920703136,4
T cells CD4 naive,RBC,0.13399422783249923,0.05090785702977287,6
T cells CD4 naive,SOL,0.11515312664894108,0.04002206658109808,5
T cells CD4 naive,STR,0.105283360070825,NA,1
T cells CD4 naive,Unaffected,0.1001074041527181,0.047562886580733224,7
T cells CD8,ENE,0.0313634715417258,0.020437833581922037,6
T cells CD8,IMM,0.0525111465426694,0.02431153668108287,4
T cells CD8,RBC,0.04264365901011272,0.01391562276522557,6
T cells CD8,SOL,0.03540554365741834,0.010945801435230475,5
T cells CD8,STR,0,NA,1
T cells CD8,Unaffected,0.045441897624959225,0.051262823557944884,7
T cells follicular helper,ENE,0,0,6
T cells follicular helper,IMM,0,0,4
T cells follicular helper,RBC,0,0,6
T cells follicular helper,SOL,0,0,5
T cells follicular helper,STR,0,NA,1
T cells follicular helper,Unaffected,0,0,7
T cells gamma delta,ENE,0,0,6
T cells gamma delta,IMM,0,0,4
T cells gamma delta,RBC,0,0,6
T cells gamma delta,SOL,0,0,5
T cells gamma delta,STR,0,NA,1
T cells gamma delta,Unaffected,0,0,7
T cells regulatory (Tregs),ENE,3.7064768526813e-4,9.078977032506121e-4,6
T cells regulatory (Tregs),IMM,0,0,4
T cells regulatory (Tregs),RBC,0,0,6
T cells regulatory (Tregs),SOL,0,0,5
T cells regulatory (Tregs),STR,0,NA,1
T cells regulatory (Tregs),Unaffected,2.899303858690371e-4,7.670836985304676e-4,7
