"gene_name","Ensembl_ID","baseMean","log2FoldChange","lfcSE","stat","pvalue","padj"
"F8A2","ENSG00000288709.1",14.0062023455448,24.4723086898606,2.51161099823173,9.74366998197176,1.96332873707848e-22,4.19602617688413e-18
"XGY2","ENSG00000288686.2",5.21530959070038,-21.0646338599819,3.20409531719925,-6.57428440000183,4.88877104971848e-11,5.22414074372916e-07
"BLOC1S5-TXNDC5","ENSG00000259040.5",17.8360232994047,24.6957160215594,3.87163820308012,6.37862184589266,1.78688648019718e-10,1.27297792849247e-06
"TBC1D3","ENSG00000274611.4",84.1667003481807,-21.4176166703707,4.02103948125527,-5.32638805717089,1.00184975394146e-07,0.000535288323530924
"SV2C","ENSG00000122012.14",17.592493284613,-4.86035568512277,1.01385198975019,-4.7939499396952,1.63529097067883e-06,0.00698988772506959
"TAF11L5","ENSG00000284234.1",6.92148795298627,-17.5616076486223,3.72486577945083,-4.71469542486749,2.42072573158896e-06,0.00862262505591987
"GNL3LP1","ENSG00000215032.2",23.4470147407631,-8.01675229154937,1.7907924444293,-4.4766507232524,7.58231441067652e-06,0.0231498890835684
"ENSG00000285901","ENSG00000285901.2",4.5854857688534,-17.1848271586888,3.94316535891256,-4.35812997794951,1.31178474388604e-05,0.0350443294329157
"MTCO3P12","ENSG00000198744.5",21.4229849647284,5.17205302483093,1.23249093415566,4.19642277399319,2.7116386321351e-05,0.0643923787177683
